start	end	type
2	3	ENTRY
2	4	EXIT
7	8	PARENT_OF
6	7	PARENT_OF
9	10	PARENT_OF
9	11	PARENT_OF
6	9	PARENT_OF
5	6	PARENT_OF
12	13	ENTRY
12	14	EXIT
12	15	PARENT_OF
12	16	PARENT_OF
22	23	PARENT_OF
21	22	PARENT_OF
21	24	PARENT_OF
20	21	PARENT_OF
19	20	PARENT_OF
27	28	PARENT_OF
26	27	PARENT_OF
30	31	PARENT_OF
29	30	PARENT_OF
29	32	PARENT_OF
26	29	PARENT_OF
25	26	PARENT_OF
37	38	PARENT_OF
36	37	PARENT_OF
40	41	PARENT_OF
39	40	PARENT_OF
39	42	PARENT_OF
36	39	PARENT_OF
35	36	PARENT_OF
34	35	PARENT_OF
46	47	PARENT_OF
45	46	PARENT_OF
48	49	PARENT_OF
48	50	PARENT_OF
45	48	PARENT_OF
44	45	PARENT_OF
43	44	PARENT_OF
34	43	PARENT_OF
33	34	PARENT_OF
51	52	PARENT_OF
55	56	PARENT_OF
54	55	PARENT_OF
58	59	PARENT_OF
57	58	PARENT_OF
62	63	PARENT_OF
61	62	PARENT_OF
61	64	PARENT_OF
60	61	PARENT_OF
57	60	PARENT_OF
54	57	PARENT_OF
53	54	PARENT_OF
66	67	PARENT_OF
65	66	PARENT_OF
69	70	PARENT_OF
68	69	PARENT_OF
73	74	PARENT_OF
72	73	PARENT_OF
72	75	PARENT_OF
71	72	PARENT_OF
68	71	PARENT_OF
65	68	PARENT_OF
53	65	PARENT_OF
77	78	PARENT_OF
76	77	PARENT_OF
79	80	PARENT_OF
81	82	PARENT_OF
79	81	PARENT_OF
76	79	PARENT_OF
53	76	PARENT_OF
84	85	PARENT_OF
83	84	PARENT_OF
86	87	PARENT_OF
88	89	PARENT_OF
86	88	PARENT_OF
83	86	PARENT_OF
53	83	PARENT_OF
51	53	PARENT_OF
33	51	PARENT_OF
25	33	PARENT_OF
19	25	PARENT_OF
18	19	PARENT_OF
17	18	PARENT_OF
12	17	PARENT_OF
12	90	PARENT_OF
5	12	PARENT_OF
91	92	ENTRY
91	93	EXIT
91	94	PARENT_OF
91	95	PARENT_OF
97	98	PARENT_OF
96	97	PARENT_OF
101	102	PARENT_OF
100	101	PARENT_OF
103	104	PARENT_OF
103	105	PARENT_OF
100	103	PARENT_OF
99	100	PARENT_OF
96	99	PARENT_OF
106	107	PARENT_OF
96	106	PARENT_OF
112	113	PARENT_OF
111	112	PARENT_OF
114	115	PARENT_OF
111	114	PARENT_OF
110	111	PARENT_OF
110	116	PARENT_OF
109	110	PARENT_OF
119	120	PARENT_OF
118	119	PARENT_OF
122	123	PARENT_OF
121	122	PARENT_OF
124	125	PARENT_OF
121	124	PARENT_OF
118	121	PARENT_OF
117	118	PARENT_OF
126	127	PARENT_OF
117	126	PARENT_OF
130	131	PARENT_OF
129	130	PARENT_OF
132	133	PARENT_OF
132	134	PARENT_OF
129	132	PARENT_OF
128	129	PARENT_OF
117	128	PARENT_OF
135	136	PARENT_OF
117	135	PARENT_OF
138	139	PARENT_OF
137	138	PARENT_OF
117	137	PARENT_OF
140	141	PARENT_OF
117	140	PARENT_OF
109	117	PARENT_OF
108	109	PARENT_OF
142	143	PARENT_OF
145	146	PARENT_OF
144	145	PARENT_OF
149	150	PARENT_OF
148	149	PARENT_OF
151	152	PARENT_OF
151	153	PARENT_OF
148	151	PARENT_OF
147	148	PARENT_OF
144	147	PARENT_OF
154	155	PARENT_OF
144	154	PARENT_OF
157	158	PARENT_OF
156	157	PARENT_OF
160	161	PARENT_OF
159	160	PARENT_OF
162	163	PARENT_OF
159	162	PARENT_OF
156	159	PARENT_OF
144	156	PARENT_OF
165	166	PARENT_OF
164	165	PARENT_OF
168	169	PARENT_OF
168	170	PARENT_OF
167	168	PARENT_OF
172	173	PARENT_OF
174	175	PARENT_OF
172	174	PARENT_OF
171	172	PARENT_OF
171	176	PARENT_OF
167	171	PARENT_OF
164	167	PARENT_OF
144	164	PARENT_OF
178	179	PARENT_OF
177	178	PARENT_OF
181	182	PARENT_OF
180	181	PARENT_OF
183	184	PARENT_OF
180	183	PARENT_OF
177	180	PARENT_OF
144	177	PARENT_OF
186	187	PARENT_OF
185	186	PARENT_OF
190	191	PARENT_OF
189	190	PARENT_OF
189	192	PARENT_OF
188	189	PARENT_OF
188	193	PARENT_OF
185	188	PARENT_OF
144	185	PARENT_OF
195	196	PARENT_OF
194	195	PARENT_OF
198	199	PARENT_OF
200	201	PARENT_OF
198	200	PARENT_OF
197	198	PARENT_OF
197	202	PARENT_OF
194	197	PARENT_OF
144	194	PARENT_OF
204	205	PARENT_OF
203	204	PARENT_OF
207	208	PARENT_OF
206	207	PARENT_OF
210	211	PARENT_OF
209	210	PARENT_OF
214	215	PARENT_OF
213	214	PARENT_OF
213	216	PARENT_OF
212	213	PARENT_OF
209	212	PARENT_OF
206	209	PARENT_OF
203	206	PARENT_OF
144	203	PARENT_OF
218	219	PARENT_OF
217	218	PARENT_OF
221	222	PARENT_OF
220	221	PARENT_OF
225	226	PARENT_OF
224	225	PARENT_OF
228	229	PARENT_OF
227	228	PARENT_OF
224	227	PARENT_OF
223	224	PARENT_OF
220	223	PARENT_OF
217	220	PARENT_OF
144	217	PARENT_OF
231	232	PARENT_OF
230	231	PARENT_OF
234	235	PARENT_OF
233	234	PARENT_OF
236	237	PARENT_OF
233	236	PARENT_OF
230	233	PARENT_OF
144	230	PARENT_OF
238	239	PARENT_OF
144	238	PARENT_OF
241	242	PARENT_OF
240	241	PARENT_OF
243	244	PARENT_OF
240	243	PARENT_OF
245	246	PARENT_OF
240	245	PARENT_OF
249	250	PARENT_OF
248	249	PARENT_OF
253	254	PARENT_OF
252	253	PARENT_OF
256	257	PARENT_OF
255	256	PARENT_OF
255	258	PARENT_OF
252	255	PARENT_OF
251	252	PARENT_OF
251	259	PARENT_OF
251	260	PARENT_OF
248	251	PARENT_OF
247	248	PARENT_OF
267	268	PARENT_OF
270	271	PARENT_OF
269	270	PARENT_OF
269	272	PARENT_OF
267	269	PARENT_OF
266	267	PARENT_OF
266	273	PARENT_OF
265	266	PARENT_OF
274	275	PARENT_OF
265	274	PARENT_OF
264	265	PARENT_OF
264	276	PARENT_OF
263	264	PARENT_OF
278	279	PARENT_OF
277	278	PARENT_OF
277	280	PARENT_OF
263	277	PARENT_OF
262	263	PARENT_OF
262	281	PARENT_OF
261	262	PARENT_OF
247	261	PARENT_OF
240	247	PARENT_OF
144	240	PARENT_OF
282	283	PARENT_OF
144	282	PARENT_OF
284	285	PARENT_OF
144	284	PARENT_OF
288	289	PARENT_OF
287	288	PARENT_OF
290	291	PARENT_OF
290	292	PARENT_OF
287	290	PARENT_OF
286	287	PARENT_OF
144	286	PARENT_OF
293	294	PARENT_OF
144	293	PARENT_OF
296	297	PARENT_OF
295	296	PARENT_OF
299	300	PARENT_OF
301	302	PARENT_OF
299	301	PARENT_OF
298	299	PARENT_OF
298	303	PARENT_OF
295	298	PARENT_OF
144	295	PARENT_OF
305	306	PARENT_OF
304	305	PARENT_OF
308	309	PARENT_OF
307	308	PARENT_OF
311	312	PARENT_OF
310	311	PARENT_OF
315	316	PARENT_OF
314	315	PARENT_OF
314	317	PARENT_OF
313	314	PARENT_OF
310	313	PARENT_OF
307	310	PARENT_OF
304	307	PARENT_OF
144	304	PARENT_OF
319	320	PARENT_OF
318	319	PARENT_OF
322	323	PARENT_OF
321	322	PARENT_OF
326	327	PARENT_OF
325	326	PARENT_OF
329	330	PARENT_OF
328	329	PARENT_OF
325	328	PARENT_OF
324	325	PARENT_OF
321	324	PARENT_OF
318	321	PARENT_OF
144	318	PARENT_OF
332	333	PARENT_OF
331	332	PARENT_OF
335	336	PARENT_OF
334	335	PARENT_OF
337	338	PARENT_OF
334	337	PARENT_OF
331	334	PARENT_OF
144	331	PARENT_OF
339	340	PARENT_OF
144	339	PARENT_OF
342	343	PARENT_OF
341	342	PARENT_OF
344	345	PARENT_OF
341	344	PARENT_OF
346	347	PARENT_OF
341	346	PARENT_OF
353	354	PARENT_OF
352	353	PARENT_OF
352	355	PARENT_OF
351	352	PARENT_OF
351	356	PARENT_OF
350	351	PARENT_OF
359	360	PARENT_OF
358	359	PARENT_OF
363	364	PARENT_OF
362	363	PARENT_OF
366	367	PARENT_OF
365	366	PARENT_OF
365	368	PARENT_OF
362	365	PARENT_OF
361	362	PARENT_OF
361	369	PARENT_OF
361	370	PARENT_OF
358	361	PARENT_OF
357	358	PARENT_OF
377	378	PARENT_OF
380	381	PARENT_OF
379	380	PARENT_OF
379	382	PARENT_OF
377	379	PARENT_OF
376	377	PARENT_OF
376	383	PARENT_OF
375	376	PARENT_OF
384	385	PARENT_OF
375	384	PARENT_OF
374	375	PARENT_OF
374	386	PARENT_OF
373	374	PARENT_OF
388	389	PARENT_OF
387	388	PARENT_OF
387	390	PARENT_OF
373	387	PARENT_OF
372	373	PARENT_OF
372	391	PARENT_OF
371	372	PARENT_OF
357	371	PARENT_OF
350	357	PARENT_OF
349	350	PARENT_OF
348	349	PARENT_OF
341	348	PARENT_OF
144	341	PARENT_OF
392	393	PARENT_OF
144	392	PARENT_OF
394	395	PARENT_OF
144	394	PARENT_OF
398	399	PARENT_OF
397	398	PARENT_OF
400	401	PARENT_OF
397	400	PARENT_OF
396	397	PARENT_OF
144	396	PARENT_OF
402	403	PARENT_OF
144	402	PARENT_OF
142	144	PARENT_OF
108	142	PARENT_OF
96	108	PARENT_OF
404	405	PARENT_OF
96	404	PARENT_OF
91	96	PARENT_OF
91	406	PARENT_OF
5	91	PARENT_OF
2	5	PARENT_OF
1	2	FILE_OF
408	409	ENTRY
408	410	EXIT
413	414	PARENT_OF
412	413	PARENT_OF
415	416	PARENT_OF
415	417	PARENT_OF
412	415	PARENT_OF
411	412	PARENT_OF
418	419	ENTRY
418	420	EXIT
418	421	PARENT_OF
418	422	PARENT_OF
425	426	PARENT_OF
424	425	PARENT_OF
429	430	PARENT_OF
428	429	PARENT_OF
431	432	PARENT_OF
431	433	PARENT_OF
428	431	PARENT_OF
427	428	PARENT_OF
427	434	PARENT_OF
427	435	PARENT_OF
427	436	PARENT_OF
427	437	PARENT_OF
427	438	PARENT_OF
427	439	PARENT_OF
424	427	PARENT_OF
423	424	PARENT_OF
441	442	PARENT_OF
440	441	PARENT_OF
443	444	PARENT_OF
446	447	PARENT_OF
445	446	PARENT_OF
448	449	PARENT_OF
448	450	PARENT_OF
445	448	PARENT_OF
443	445	PARENT_OF
443	451	PARENT_OF
443	452	PARENT_OF
443	453	PARENT_OF
443	454	PARENT_OF
440	443	PARENT_OF
423	440	PARENT_OF
418	423	PARENT_OF
418	455	PARENT_OF
411	418	PARENT_OF
457	458	PARENT_OF
456	457	PARENT_OF
459	460	PARENT_OF
459	461	PARENT_OF
456	459	PARENT_OF
411	456	PARENT_OF
462	463	ENTRY
462	464	EXIT
462	465	PARENT_OF
462	466	PARENT_OF
469	470	PARENT_OF
468	469	PARENT_OF
471	472	PARENT_OF
475	476	PARENT_OF
474	475	PARENT_OF
477	478	PARENT_OF
474	477	PARENT_OF
473	474	PARENT_OF
473	479	PARENT_OF
471	473	PARENT_OF
468	471	PARENT_OF
467	468	PARENT_OF
481	482	PARENT_OF
480	481	PARENT_OF
483	484	PARENT_OF
487	488	PARENT_OF
486	487	PARENT_OF
489	490	PARENT_OF
486	489	PARENT_OF
485	486	PARENT_OF
485	491	PARENT_OF
483	485	PARENT_OF
493	494	PARENT_OF
493	495	PARENT_OF
492	493	PARENT_OF
483	492	PARENT_OF
480	483	PARENT_OF
467	480	PARENT_OF
497	498	PARENT_OF
496	497	PARENT_OF
499	500	PARENT_OF
499	501	PARENT_OF
505	506	PARENT_OF
504	505	PARENT_OF
507	508	PARENT_OF
504	507	PARENT_OF
503	504	PARENT_OF
503	509	PARENT_OF
502	503	PARENT_OF
499	502	PARENT_OF
496	499	PARENT_OF
467	496	PARENT_OF
462	467	PARENT_OF
462	510	PARENT_OF
411	462	PARENT_OF
512	513	PARENT_OF
511	512	PARENT_OF
514	515	PARENT_OF
514	516	PARENT_OF
511	514	PARENT_OF
411	511	PARENT_OF
517	518	ENTRY
517	519	EXIT
521	522	PARENT_OF
521	523	PARENT_OF
521	524	PARENT_OF
520	521	PARENT_OF
517	520	PARENT_OF
517	525	PARENT_OF
529	530	PARENT_OF
528	529	PARENT_OF
528	531	PARENT_OF
527	528	PARENT_OF
533	534	PARENT_OF
532	533	PARENT_OF
535	536	PARENT_OF
535	537	PARENT_OF
532	535	PARENT_OF
527	532	PARENT_OF
526	527	PARENT_OF
539	540	PARENT_OF
538	539	PARENT_OF
526	538	PARENT_OF
517	526	PARENT_OF
517	541	PARENT_OF
411	517	PARENT_OF
543	544	PARENT_OF
542	543	PARENT_OF
545	546	PARENT_OF
545	547	PARENT_OF
545	548	PARENT_OF
542	545	PARENT_OF
411	542	PARENT_OF
549	550	ENTRY
549	551	EXIT
553	554	PARENT_OF
553	555	PARENT_OF
553	556	PARENT_OF
552	553	PARENT_OF
549	552	PARENT_OF
549	557	PARENT_OF
560	561	PARENT_OF
559	560	PARENT_OF
558	559	PARENT_OF
565	566	PARENT_OF
564	565	PARENT_OF
564	567	PARENT_OF
563	564	PARENT_OF
570	571	PARENT_OF
569	570	PARENT_OF
573	574	PARENT_OF
572	573	PARENT_OF
577	578	PARENT_OF
576	577	PARENT_OF
576	579	PARENT_OF
575	576	PARENT_OF
575	580	PARENT_OF
582	583	PARENT_OF
581	582	PARENT_OF
575	581	PARENT_OF
572	575	PARENT_OF
569	572	PARENT_OF
568	569	PARENT_OF
586	587	PARENT_OF
585	586	PARENT_OF
593	594	PARENT_OF
595	596	PARENT_OF
593	595	PARENT_OF
592	593	PARENT_OF
592	597	PARENT_OF
591	592	PARENT_OF
599	600	PARENT_OF
598	599	PARENT_OF
601	602	PARENT_OF
601	603	PARENT_OF
598	601	PARENT_OF
591	598	PARENT_OF
590	591	PARENT_OF
590	604	PARENT_OF
589	590	PARENT_OF
588	589	PARENT_OF
585	588	PARENT_OF
584	585	PARENT_OF
568	584	PARENT_OF
563	568	PARENT_OF
562	563	PARENT_OF
558	562	PARENT_OF
549	558	PARENT_OF
549	605	PARENT_OF
411	549	PARENT_OF
607	608	PARENT_OF
606	607	PARENT_OF
609	610	PARENT_OF
609	611	PARENT_OF
606	609	PARENT_OF
411	606	PARENT_OF
613	614	PARENT_OF
612	613	PARENT_OF
615	616	PARENT_OF
615	617	PARENT_OF
612	615	PARENT_OF
411	612	PARENT_OF
618	619	ENTRY
618	620	EXIT
618	621	PARENT_OF
618	622	PARENT_OF
625	626	PARENT_OF
624	625	PARENT_OF
628	629	PARENT_OF
627	628	PARENT_OF
632	633	PARENT_OF
631	632	PARENT_OF
631	634	PARENT_OF
630	631	PARENT_OF
627	630	PARENT_OF
624	627	PARENT_OF
623	624	PARENT_OF
639	640	PARENT_OF
638	639	PARENT_OF
642	643	PARENT_OF
641	642	PARENT_OF
641	644	PARENT_OF
638	641	PARENT_OF
637	638	PARENT_OF
636	637	PARENT_OF
648	649	PARENT_OF
647	648	PARENT_OF
650	651	PARENT_OF
650	652	PARENT_OF
647	650	PARENT_OF
646	647	PARENT_OF
645	646	PARENT_OF
636	645	PARENT_OF
635	636	PARENT_OF
653	654	PARENT_OF
657	658	PARENT_OF
656	657	PARENT_OF
660	661	PARENT_OF
659	660	PARENT_OF
664	665	PARENT_OF
663	664	PARENT_OF
663	666	PARENT_OF
662	663	PARENT_OF
659	662	PARENT_OF
656	659	PARENT_OF
655	656	PARENT_OF
668	669	PARENT_OF
667	668	PARENT_OF
671	672	PARENT_OF
670	671	PARENT_OF
675	676	PARENT_OF
674	675	PARENT_OF
674	677	PARENT_OF
673	674	PARENT_OF
670	673	PARENT_OF
667	670	PARENT_OF
655	667	PARENT_OF
679	680	PARENT_OF
678	679	PARENT_OF
681	682	PARENT_OF
683	684	PARENT_OF
681	683	PARENT_OF
678	681	PARENT_OF
655	678	PARENT_OF
686	687	PARENT_OF
685	686	PARENT_OF
688	689	PARENT_OF
690	691	PARENT_OF
688	690	PARENT_OF
685	688	PARENT_OF
655	685	PARENT_OF
693	694	PARENT_OF
692	693	PARENT_OF
692	695	PARENT_OF
655	692	PARENT_OF
697	698	PARENT_OF
696	697	PARENT_OF
699	700	PARENT_OF
696	699	PARENT_OF
655	696	PARENT_OF
702	703	PARENT_OF
701	702	PARENT_OF
705	706	PARENT_OF
704	705	PARENT_OF
707	708	PARENT_OF
704	707	PARENT_OF
701	704	PARENT_OF
655	701	PARENT_OF
710	711	PARENT_OF
709	710	PARENT_OF
713	714	PARENT_OF
713	715	PARENT_OF
712	713	PARENT_OF
716	717	PARENT_OF
716	718	PARENT_OF
712	716	PARENT_OF
709	712	PARENT_OF
655	709	PARENT_OF
720	721	PARENT_OF
719	720	PARENT_OF
723	724	PARENT_OF
722	723	PARENT_OF
726	727	PARENT_OF
725	726	PARENT_OF
728	729	PARENT_OF
725	728	PARENT_OF
730	731	PARENT_OF
725	730	PARENT_OF
722	725	PARENT_OF
719	722	PARENT_OF
655	719	PARENT_OF
734	735	PARENT_OF
733	734	PARENT_OF
733	736	PARENT_OF
732	733	PARENT_OF
737	738	PARENT_OF
732	737	PARENT_OF
655	732	PARENT_OF
740	741	PARENT_OF
739	740	PARENT_OF
743	744	PARENT_OF
742	743	PARENT_OF
746	747	PARENT_OF
745	746	PARENT_OF
742	745	PARENT_OF
739	742	PARENT_OF
655	739	PARENT_OF
749	750	PARENT_OF
748	749	PARENT_OF
655	748	PARENT_OF
751	752	PARENT_OF
655	751	PARENT_OF
653	655	PARENT_OF
635	653	PARENT_OF
623	635	PARENT_OF
618	623	PARENT_OF
618	753	PARENT_OF
411	618	PARENT_OF
755	756	PARENT_OF
754	755	PARENT_OF
757	758	PARENT_OF
757	759	PARENT_OF
754	757	PARENT_OF
411	754	PARENT_OF
761	762	PARENT_OF
760	761	PARENT_OF
763	764	PARENT_OF
763	765	PARENT_OF
760	763	PARENT_OF
411	760	PARENT_OF
766	767	ENTRY
766	768	EXIT
766	769	PARENT_OF
766	770	PARENT_OF
773	774	PARENT_OF
772	773	PARENT_OF
775	776	PARENT_OF
772	775	PARENT_OF
771	772	PARENT_OF
778	779	PARENT_OF
777	778	PARENT_OF
780	781	PARENT_OF
777	780	PARENT_OF
771	777	PARENT_OF
783	784	PARENT_OF
782	783	PARENT_OF
785	786	PARENT_OF
782	785	PARENT_OF
771	782	PARENT_OF
788	789	PARENT_OF
787	788	PARENT_OF
790	791	PARENT_OF
787	790	PARENT_OF
771	787	PARENT_OF
793	794	PARENT_OF
792	793	PARENT_OF
795	796	PARENT_OF
792	795	PARENT_OF
771	792	PARENT_OF
798	799	PARENT_OF
797	798	PARENT_OF
800	801	PARENT_OF
797	800	PARENT_OF
771	797	PARENT_OF
803	804	PARENT_OF
802	803	PARENT_OF
802	805	PARENT_OF
771	802	PARENT_OF
807	808	PARENT_OF
806	807	PARENT_OF
810	811	PARENT_OF
809	810	PARENT_OF
812	813	PARENT_OF
809	812	PARENT_OF
806	809	PARENT_OF
771	806	PARENT_OF
816	817	PARENT_OF
815	816	PARENT_OF
815	818	PARENT_OF
814	815	PARENT_OF
814	819	PARENT_OF
771	814	PARENT_OF
822	823	PARENT_OF
821	822	PARENT_OF
821	824	PARENT_OF
820	821	PARENT_OF
825	826	PARENT_OF
820	825	PARENT_OF
771	820	PARENT_OF
828	829	PARENT_OF
827	828	PARENT_OF
831	832	PARENT_OF
830	831	PARENT_OF
834	835	PARENT_OF
833	834	PARENT_OF
830	833	PARENT_OF
827	830	PARENT_OF
771	827	PARENT_OF
837	838	PARENT_OF
836	837	PARENT_OF
771	836	PARENT_OF
839	840	PARENT_OF
771	839	PARENT_OF
766	771	PARENT_OF
766	841	PARENT_OF
411	766	PARENT_OF
842	843	ENTRY
842	844	EXIT
842	845	PARENT_OF
842	846	PARENT_OF
848	849	PARENT_OF
847	848	PARENT_OF
852	853	PARENT_OF
851	852	PARENT_OF
854	855	PARENT_OF
854	856	PARENT_OF
851	854	PARENT_OF
850	851	PARENT_OF
847	850	PARENT_OF
857	858	PARENT_OF
847	857	PARENT_OF
863	864	PARENT_OF
862	863	PARENT_OF
862	865	PARENT_OF
861	862	PARENT_OF
860	861	PARENT_OF
867	868	PARENT_OF
866	867	PARENT_OF
871	872	PARENT_OF
870	871	PARENT_OF
870	873	PARENT_OF
869	870	PARENT_OF
866	869	PARENT_OF
874	875	PARENT_OF
866	874	PARENT_OF
860	866	PARENT_OF
859	860	PARENT_OF
847	859	PARENT_OF
877	878	PARENT_OF
876	877	PARENT_OF
876	879	PARENT_OF
847	876	PARENT_OF
883	884	PARENT_OF
882	883	PARENT_OF
885	886	PARENT_OF
882	885	PARENT_OF
881	882	PARENT_OF
889	890	PARENT_OF
888	889	PARENT_OF
888	891	PARENT_OF
887	888	PARENT_OF
881	887	PARENT_OF
880	881	PARENT_OF
847	880	PARENT_OF
893	894	PARENT_OF
892	893	PARENT_OF
892	895	PARENT_OF
847	892	PARENT_OF
899	900	PARENT_OF
898	899	PARENT_OF
901	902	PARENT_OF
898	901	PARENT_OF
897	898	PARENT_OF
905	906	PARENT_OF
904	905	PARENT_OF
904	907	PARENT_OF
903	904	PARENT_OF
897	903	PARENT_OF
896	897	PARENT_OF
847	896	PARENT_OF
908	909	PARENT_OF
847	908	PARENT_OF
912	913	PARENT_OF
911	912	PARENT_OF
914	915	PARENT_OF
914	916	PARENT_OF
911	914	PARENT_OF
910	911	PARENT_OF
847	910	PARENT_OF
917	918	PARENT_OF
847	917	PARENT_OF
921	922	PARENT_OF
920	921	PARENT_OF
923	924	PARENT_OF
923	925	PARENT_OF
920	923	PARENT_OF
919	920	PARENT_OF
847	919	PARENT_OF
926	927	PARENT_OF
847	926	PARENT_OF
930	931	PARENT_OF
929	930	PARENT_OF
932	933	PARENT_OF
929	932	PARENT_OF
928	929	PARENT_OF
847	928	PARENT_OF
934	935	PARENT_OF
847	934	PARENT_OF
937	938	PARENT_OF
936	937	PARENT_OF
847	936	PARENT_OF
939	940	PARENT_OF
847	939	PARENT_OF
943	944	PARENT_OF
942	943	PARENT_OF
945	946	PARENT_OF
945	947	PARENT_OF
942	945	PARENT_OF
941	942	PARENT_OF
847	941	PARENT_OF
948	949	PARENT_OF
847	948	PARENT_OF
952	953	PARENT_OF
951	952	PARENT_OF
954	955	PARENT_OF
954	956	PARENT_OF
951	954	PARENT_OF
950	951	PARENT_OF
847	950	PARENT_OF
957	958	PARENT_OF
847	957	PARENT_OF
961	962	PARENT_OF
960	961	PARENT_OF
963	964	PARENT_OF
960	963	PARENT_OF
959	960	PARENT_OF
847	959	PARENT_OF
965	966	PARENT_OF
847	965	PARENT_OF
968	969	PARENT_OF
967	968	PARENT_OF
847	967	PARENT_OF
970	971	PARENT_OF
847	970	PARENT_OF
975	976	PARENT_OF
974	975	PARENT_OF
977	978	PARENT_OF
974	977	PARENT_OF
973	974	PARENT_OF
980	981	PARENT_OF
979	980	PARENT_OF
984	985	PARENT_OF
983	984	PARENT_OF
986	987	PARENT_OF
986	988	PARENT_OF
983	986	PARENT_OF
982	983	PARENT_OF
979	982	PARENT_OF
989	990	PARENT_OF
979	989	PARENT_OF
993	994	PARENT_OF
992	993	PARENT_OF
995	996	PARENT_OF
992	995	PARENT_OF
991	992	PARENT_OF
979	991	PARENT_OF
997	998	PARENT_OF
979	997	PARENT_OF
1001	1002	PARENT_OF
1000	1001	PARENT_OF
1003	1004	PARENT_OF
1003	1005	PARENT_OF
1000	1003	PARENT_OF
999	1000	PARENT_OF
979	999	PARENT_OF
1006	1007	PARENT_OF
979	1006	PARENT_OF
1010	1011	PARENT_OF
1009	1010	PARENT_OF
1012	1013	PARENT_OF
1012	1014	PARENT_OF
1009	1012	PARENT_OF
1008	1009	PARENT_OF
979	1008	PARENT_OF
1015	1016	PARENT_OF
979	1015	PARENT_OF
1019	1020	PARENT_OF
1018	1019	PARENT_OF
1021	1022	PARENT_OF
1021	1023	PARENT_OF
1018	1021	PARENT_OF
1017	1018	PARENT_OF
979	1017	PARENT_OF
1026	1027	PARENT_OF
1025	1026	PARENT_OF
1028	1029	PARENT_OF
1025	1028	PARENT_OF
1024	1025	PARENT_OF
979	1024	PARENT_OF
1030	1031	PARENT_OF
979	1030	PARENT_OF
1033	1034	PARENT_OF
1032	1033	PARENT_OF
1036	1037	PARENT_OF
1035	1036	PARENT_OF
1038	1039	PARENT_OF
1035	1038	PARENT_OF
1032	1035	PARENT_OF
979	1032	PARENT_OF
1040	1041	PARENT_OF
979	1040	PARENT_OF
1044	1045	PARENT_OF
1043	1044	PARENT_OF
1047	1048	PARENT_OF
1046	1047	PARENT_OF
1051	1052	PARENT_OF
1050	1051	PARENT_OF
1053	1054	PARENT_OF
1053	1055	PARENT_OF
1050	1053	PARENT_OF
1049	1050	PARENT_OF
1046	1049	PARENT_OF
1056	1057	PARENT_OF
1046	1056	PARENT_OF
1060	1061	PARENT_OF
1059	1060	PARENT_OF
1062	1063	PARENT_OF
1062	1064	PARENT_OF
1059	1062	PARENT_OF
1058	1059	PARENT_OF
1046	1058	PARENT_OF
1065	1066	PARENT_OF
1046	1065	PARENT_OF
1070	1071	PARENT_OF
1069	1070	PARENT_OF
1069	1072	PARENT_OF
1068	1069	PARENT_OF
1068	1073	PARENT_OF
1067	1068	PARENT_OF
1046	1067	PARENT_OF
1074	1075	PARENT_OF
1046	1074	PARENT_OF
1078	1079	PARENT_OF
1077	1078	PARENT_OF
1080	1081	PARENT_OF
1080	1082	PARENT_OF
1077	1080	PARENT_OF
1076	1077	PARENT_OF
1046	1076	PARENT_OF
1083	1084	PARENT_OF
1046	1083	PARENT_OF
1088	1089	PARENT_OF
1087	1088	PARENT_OF
1087	1090	PARENT_OF
1086	1087	PARENT_OF
1086	1091	PARENT_OF
1085	1086	PARENT_OF
1046	1085	PARENT_OF
1092	1093	PARENT_OF
1046	1092	PARENT_OF
1096	1097	PARENT_OF
1095	1096	PARENT_OF
1098	1099	PARENT_OF
1098	1100	PARENT_OF
1095	1098	PARENT_OF
1094	1095	PARENT_OF
1046	1094	PARENT_OF
1101	1102	PARENT_OF
1046	1101	PARENT_OF
1106	1107	PARENT_OF
1105	1106	PARENT_OF
1105	1108	PARENT_OF
1104	1105	PARENT_OF
1104	1109	PARENT_OF
1103	1104	PARENT_OF
1046	1103	PARENT_OF
1110	1111	PARENT_OF
1046	1110	PARENT_OF
1114	1115	PARENT_OF
1113	1114	PARENT_OF
1116	1117	PARENT_OF
1116	1118	PARENT_OF
1113	1116	PARENT_OF
1112	1113	PARENT_OF
1046	1112	PARENT_OF
1119	1120	PARENT_OF
1046	1119	PARENT_OF
1124	1125	PARENT_OF
1123	1124	PARENT_OF
1123	1126	PARENT_OF
1122	1123	PARENT_OF
1122	1127	PARENT_OF
1121	1122	PARENT_OF
1046	1121	PARENT_OF
1128	1129	PARENT_OF
1046	1128	PARENT_OF
1132	1133	PARENT_OF
1131	1132	PARENT_OF
1134	1135	PARENT_OF
1134	1136	PARENT_OF
1131	1134	PARENT_OF
1130	1131	PARENT_OF
1046	1130	PARENT_OF
1137	1138	PARENT_OF
1046	1137	PARENT_OF
1142	1143	PARENT_OF
1141	1142	PARENT_OF
1141	1144	PARENT_OF
1140	1141	PARENT_OF
1140	1145	PARENT_OF
1139	1140	PARENT_OF
1046	1139	PARENT_OF
1146	1147	PARENT_OF
1046	1146	PARENT_OF
1150	1151	PARENT_OF
1149	1150	PARENT_OF
1152	1153	PARENT_OF
1152	1154	PARENT_OF
1149	1152	PARENT_OF
1148	1149	PARENT_OF
1046	1148	PARENT_OF
1155	1156	PARENT_OF
1046	1155	PARENT_OF
1160	1161	PARENT_OF
1159	1160	PARENT_OF
1159	1162	PARENT_OF
1158	1159	PARENT_OF
1158	1163	PARENT_OF
1157	1158	PARENT_OF
1046	1157	PARENT_OF
1164	1165	PARENT_OF
1046	1164	PARENT_OF
1043	1046	PARENT_OF
1042	1043	PARENT_OF
979	1042	PARENT_OF
1166	1167	PARENT_OF
979	1166	PARENT_OF
973	979	PARENT_OF
972	973	PARENT_OF
847	972	PARENT_OF
1168	1169	PARENT_OF
847	1168	PARENT_OF
1170	1171	PARENT_OF
847	1170	PARENT_OF
1175	1176	PARENT_OF
1174	1175	PARENT_OF
1177	1178	PARENT_OF
1174	1177	PARENT_OF
1173	1174	PARENT_OF
1181	1182	PARENT_OF
1180	1181	PARENT_OF
1184	1185	PARENT_OF
1183	1184	PARENT_OF
1186	1187	PARENT_OF
1183	1186	PARENT_OF
1180	1183	PARENT_OF
1179	1180	PARENT_OF
1189	1190	PARENT_OF
1188	1189	PARENT_OF
1192	1193	PARENT_OF
1191	1192	PARENT_OF
1194	1195	PARENT_OF
1191	1194	PARENT_OF
1188	1191	PARENT_OF
1179	1188	PARENT_OF
1197	1198	PARENT_OF
1196	1197	PARENT_OF
1200	1201	PARENT_OF
1200	1202	PARENT_OF
1199	1200	PARENT_OF
1203	1204	PARENT_OF
1203	1205	PARENT_OF
1199	1203	PARENT_OF
1196	1199	PARENT_OF
1179	1196	PARENT_OF
1207	1208	PARENT_OF
1206	1207	PARENT_OF
1210	1211	PARENT_OF
1209	1210	PARENT_OF
1213	1214	PARENT_OF
1212	1213	PARENT_OF
1215	1216	PARENT_OF
1212	1215	PARENT_OF
1217	1218	PARENT_OF
1212	1217	PARENT_OF
1209	1212	PARENT_OF
1206	1209	PARENT_OF
1179	1206	PARENT_OF
1221	1222	PARENT_OF
1224	1225	PARENT_OF
1223	1224	PARENT_OF
1226	1227	PARENT_OF
1226	1228	PARENT_OF
1223	1226	PARENT_OF
1221	1223	PARENT_OF
1220	1221	PARENT_OF
1220	1229	PARENT_OF
1219	1220	PARENT_OF
1179	1219	PARENT_OF
1232	1233	PARENT_OF
1235	1236	PARENT_OF
1234	1235	PARENT_OF
1237	1238	PARENT_OF
1237	1239	PARENT_OF
1234	1237	PARENT_OF
1232	1234	PARENT_OF
1231	1232	PARENT_OF
1231	1240	PARENT_OF
1230	1231	PARENT_OF
1179	1230	PARENT_OF
1173	1179	PARENT_OF
1172	1173	PARENT_OF
1241	1242	PARENT_OF
1245	1246	PARENT_OF
1244	1245	PARENT_OF
1248	1249	PARENT_OF
1247	1248	PARENT_OF
1250	1251	PARENT_OF
1247	1250	PARENT_OF
1244	1247	PARENT_OF
1243	1244	PARENT_OF
1254	1255	PARENT_OF
1256	1257	PARENT_OF
1254	1256	PARENT_OF
1253	1254	PARENT_OF
1253	1258	PARENT_OF
1252	1253	PARENT_OF
1243	1252	PARENT_OF
1261	1262	PARENT_OF
1264	1265	PARENT_OF
1263	1264	PARENT_OF
1266	1267	PARENT_OF
1266	1268	PARENT_OF
1263	1266	PARENT_OF
1261	1263	PARENT_OF
1260	1261	PARENT_OF
1260	1269	PARENT_OF
1259	1260	PARENT_OF
1243	1259	PARENT_OF
1272	1273	PARENT_OF
1275	1276	PARENT_OF
1274	1275	PARENT_OF
1277	1278	PARENT_OF
1277	1279	PARENT_OF
1274	1277	PARENT_OF
1272	1274	PARENT_OF
1271	1272	PARENT_OF
1271	1280	PARENT_OF
1270	1271	PARENT_OF
1243	1270	PARENT_OF
1241	1243	PARENT_OF
1172	1241	PARENT_OF
847	1172	PARENT_OF
1281	1282	PARENT_OF
847	1281	PARENT_OF
1283	1284	PARENT_OF
847	1283	PARENT_OF
842	847	PARENT_OF
842	1285	PARENT_OF
411	842	PARENT_OF
1286	1287	ENTRY
1286	1288	EXIT
1290	1291	PARENT_OF
1290	1292	PARENT_OF
1290	1293	PARENT_OF
1289	1290	PARENT_OF
1294	1295	PARENT_OF
1294	1296	PARENT_OF
1294	1297	PARENT_OF
1289	1294	PARENT_OF
1298	1299	PARENT_OF
1298	1300	PARENT_OF
1298	1301	PARENT_OF
1289	1298	PARENT_OF
1286	1289	PARENT_OF
1286	1302	PARENT_OF
1305	1306	PARENT_OF
1304	1305	PARENT_OF
1304	1307	PARENT_OF
1303	1304	PARENT_OF
1310	1311	PARENT_OF
1309	1310	PARENT_OF
1313	1314	PARENT_OF
1312	1313	PARENT_OF
1315	1316	PARENT_OF
1312	1315	PARENT_OF
1318	1319	PARENT_OF
1317	1318	PARENT_OF
1321	1322	PARENT_OF
1320	1321	PARENT_OF
1317	1320	PARENT_OF
1312	1317	PARENT_OF
1324	1325	PARENT_OF
1323	1324	PARENT_OF
1326	1327	PARENT_OF
1328	1329	PARENT_OF
1326	1328	PARENT_OF
1323	1326	PARENT_OF
1312	1323	PARENT_OF
1309	1312	PARENT_OF
1308	1309	PARENT_OF
1303	1308	PARENT_OF
1286	1303	PARENT_OF
1286	1330	PARENT_OF
411	1286	PARENT_OF
1331	1332	ENTRY
1331	1333	EXIT
1335	1336	PARENT_OF
1335	1337	PARENT_OF
1335	1338	PARENT_OF
1334	1335	PARENT_OF
1339	1340	PARENT_OF
1339	1341	PARENT_OF
1339	1342	PARENT_OF
1334	1339	PARENT_OF
1343	1344	PARENT_OF
1343	1345	PARENT_OF
1343	1346	PARENT_OF
1334	1343	PARENT_OF
1347	1348	PARENT_OF
1347	1349	PARENT_OF
1347	1350	PARENT_OF
1334	1347	PARENT_OF
1331	1334	PARENT_OF
1331	1351	PARENT_OF
1354	1355	PARENT_OF
1353	1354	PARENT_OF
1353	1356	PARENT_OF
1352	1353	PARENT_OF
1358	1359	PARENT_OF
1357	1358	PARENT_OF
1361	1362	PARENT_OF
1360	1361	PARENT_OF
1364	1365	PARENT_OF
1363	1364	PARENT_OF
1367	1368	PARENT_OF
1367	1369	PARENT_OF
1366	1367	PARENT_OF
1370	1371	PARENT_OF
1370	1372	PARENT_OF
1366	1370	PARENT_OF
1373	1374	PARENT_OF
1373	1375	PARENT_OF
1366	1373	PARENT_OF
1376	1377	PARENT_OF
1376	1378	PARENT_OF
1366	1376	PARENT_OF
1381	1382	PARENT_OF
1380	1381	PARENT_OF
1379	1380	PARENT_OF
1379	1383	PARENT_OF
1366	1379	PARENT_OF
1384	1385	PARENT_OF
1384	1386	PARENT_OF
1366	1384	PARENT_OF
1390	1391	PARENT_OF
1389	1390	PARENT_OF
1389	1392	PARENT_OF
1388	1389	PARENT_OF
1394	1395	PARENT_OF
1393	1394	PARENT_OF
1393	1396	PARENT_OF
1388	1393	PARENT_OF
1398	1399	PARENT_OF
1397	1398	PARENT_OF
1397	1400	PARENT_OF
1388	1397	PARENT_OF
1402	1403	PARENT_OF
1401	1402	PARENT_OF
1401	1404	PARENT_OF
1388	1401	PARENT_OF
1405	1406	PARENT_OF
1405	1407	PARENT_OF
1388	1405	PARENT_OF
1387	1388	PARENT_OF
1387	1408	PARENT_OF
1366	1387	PARENT_OF
1409	1410	PARENT_OF
1409	1411	PARENT_OF
1366	1409	PARENT_OF
1363	1366	PARENT_OF
1360	1363	PARENT_OF
1357	1360	PARENT_OF
1352	1357	PARENT_OF
1415	1416	PARENT_OF
1414	1415	PARENT_OF
1418	1419	PARENT_OF
1417	1418	PARENT_OF
1414	1417	PARENT_OF
1413	1414	PARENT_OF
1422	1423	PARENT_OF
1421	1422	PARENT_OF
1425	1426	PARENT_OF
1424	1425	PARENT_OF
1429	1430	PARENT_OF
1428	1429	PARENT_OF
1428	1431	PARENT_OF
1428	1432	PARENT_OF
1427	1428	PARENT_OF
1424	1427	PARENT_OF
1421	1424	PARENT_OF
1420	1421	PARENT_OF
1434	1435	PARENT_OF
1433	1434	PARENT_OF
1440	1441	PARENT_OF
1439	1440	PARENT_OF
1442	1443	PARENT_OF
1439	1442	PARENT_OF
1438	1439	PARENT_OF
1438	1444	PARENT_OF
1437	1438	PARENT_OF
1445	1446	PARENT_OF
1437	1445	PARENT_OF
1436	1437	PARENT_OF
1433	1436	PARENT_OF
1420	1433	PARENT_OF
1447	1448	PARENT_OF
1420	1447	PARENT_OF
1413	1420	PARENT_OF
1412	1413	PARENT_OF
1449	1450	PARENT_OF
1453	1454	PARENT_OF
1452	1453	PARENT_OF
1456	1457	PARENT_OF
1455	1456	PARENT_OF
1460	1461	PARENT_OF
1459	1460	PARENT_OF
1463	1464	PARENT_OF
1462	1463	PARENT_OF
1459	1462	PARENT_OF
1458	1459	PARENT_OF
1455	1458	PARENT_OF
1452	1455	PARENT_OF
1451	1452	PARENT_OF
1466	1467	PARENT_OF
1465	1466	PARENT_OF
1451	1465	PARENT_OF
1449	1451	PARENT_OF
1412	1449	PARENT_OF
1352	1412	PARENT_OF
1331	1352	PARENT_OF
1331	1468	PARENT_OF
411	1331	PARENT_OF
1470	1471	PARENT_OF
1469	1470	PARENT_OF
1472	1473	PARENT_OF
1472	1474	PARENT_OF
1469	1472	PARENT_OF
411	1469	PARENT_OF
1475	1476	ENTRY
1475	1477	EXIT
1475	1478	PARENT_OF
1475	1479	PARENT_OF
1482	1483	PARENT_OF
1481	1482	PARENT_OF
1485	1486	PARENT_OF
1484	1485	PARENT_OF
1487	1488	PARENT_OF
1484	1487	PARENT_OF
1481	1484	PARENT_OF
1480	1481	PARENT_OF
1494	1495	PARENT_OF
1493	1494	PARENT_OF
1493	1496	PARENT_OF
1492	1493	PARENT_OF
1491	1492	PARENT_OF
1491	1497	PARENT_OF
1490	1491	PARENT_OF
1500	1501	PARENT_OF
1499	1500	PARENT_OF
1503	1504	PARENT_OF
1502	1503	PARENT_OF
1505	1506	PARENT_OF
1502	1505	PARENT_OF
1499	1502	PARENT_OF
1498	1499	PARENT_OF
1508	1509	PARENT_OF
1507	1508	PARENT_OF
1513	1514	PARENT_OF
1512	1513	PARENT_OF
1512	1515	PARENT_OF
1511	1512	PARENT_OF
1516	1517	PARENT_OF
1511	1516	PARENT_OF
1510	1511	PARENT_OF
1507	1510	PARENT_OF
1498	1507	PARENT_OF
1518	1519	PARENT_OF
1498	1518	PARENT_OF
1490	1498	PARENT_OF
1489	1490	PARENT_OF
1480	1489	PARENT_OF
1524	1525	PARENT_OF
1523	1524	PARENT_OF
1523	1526	PARENT_OF
1522	1523	PARENT_OF
1521	1522	PARENT_OF
1529	1530	PARENT_OF
1528	1529	PARENT_OF
1532	1533	PARENT_OF
1531	1532	PARENT_OF
1531	1534	PARENT_OF
1528	1531	PARENT_OF
1527	1528	PARENT_OF
1536	1537	PARENT_OF
1535	1536	PARENT_OF
1539	1540	PARENT_OF
1538	1539	PARENT_OF
1541	1542	PARENT_OF
1538	1541	PARENT_OF
1535	1538	PARENT_OF
1527	1535	PARENT_OF
1544	1545	PARENT_OF
1543	1544	PARENT_OF
1547	1548	PARENT_OF
1546	1547	PARENT_OF
1549	1550	PARENT_OF
1546	1549	PARENT_OF
1543	1546	PARENT_OF
1527	1543	PARENT_OF
1552	1553	PARENT_OF
1551	1552	PARENT_OF
1555	1556	PARENT_OF
1554	1555	PARENT_OF
1558	1559	PARENT_OF
1557	1558	PARENT_OF
1560	1561	PARENT_OF
1557	1560	PARENT_OF
1562	1563	PARENT_OF
1557	1562	PARENT_OF
1564	1565	PARENT_OF
1557	1564	PARENT_OF
1554	1557	PARENT_OF
1551	1554	PARENT_OF
1527	1551	PARENT_OF
1568	1569	PARENT_OF
1567	1568	PARENT_OF
1574	1575	PARENT_OF
1573	1574	PARENT_OF
1573	1576	PARENT_OF
1572	1573	PARENT_OF
1579	1580	PARENT_OF
1578	1579	PARENT_OF
1582	1583	PARENT_OF
1581	1582	PARENT_OF
1581	1584	PARENT_OF
1578	1581	PARENT_OF
1577	1578	PARENT_OF
1586	1587	PARENT_OF
1585	1586	PARENT_OF
1589	1590	PARENT_OF
1589	1591	PARENT_OF
1588	1589	PARENT_OF
1593	1594	PARENT_OF
1595	1596	PARENT_OF
1593	1595	PARENT_OF
1592	1593	PARENT_OF
1592	1597	PARENT_OF
1588	1592	PARENT_OF
1585	1588	PARENT_OF
1577	1585	PARENT_OF
1599	1600	PARENT_OF
1598	1599	PARENT_OF
1598	1601	PARENT_OF
1577	1598	PARENT_OF
1603	1604	PARENT_OF
1602	1603	PARENT_OF
1606	1607	PARENT_OF
1605	1606	PARENT_OF
1609	1610	PARENT_OF
1608	1609	PARENT_OF
1612	1613	PARENT_OF
1612	1614	PARENT_OF
1611	1612	PARENT_OF
1615	1616	PARENT_OF
1615	1617	PARENT_OF
1611	1615	PARENT_OF
1619	1620	PARENT_OF
1618	1619	PARENT_OF
1618	1621	PARENT_OF
1611	1618	PARENT_OF
1608	1611	PARENT_OF
1605	1608	PARENT_OF
1602	1605	PARENT_OF
1577	1602	PARENT_OF
1625	1626	PARENT_OF
1624	1625	PARENT_OF
1628	1629	PARENT_OF
1627	1628	PARENT_OF
1624	1627	PARENT_OF
1623	1624	PARENT_OF
1632	1633	PARENT_OF
1631	1632	PARENT_OF
1635	1636	PARENT_OF
1634	1635	PARENT_OF
1639	1640	PARENT_OF
1638	1639	PARENT_OF
1638	1641	PARENT_OF
1638	1642	PARENT_OF
1637	1638	PARENT_OF
1634	1637	PARENT_OF
1631	1634	PARENT_OF
1630	1631	PARENT_OF
1644	1645	PARENT_OF
1643	1644	PARENT_OF
1649	1650	PARENT_OF
1648	1649	PARENT_OF
1648	1651	PARENT_OF
1647	1648	PARENT_OF
1652	1653	PARENT_OF
1647	1652	PARENT_OF
1646	1647	PARENT_OF
1643	1646	PARENT_OF
1630	1643	PARENT_OF
1654	1655	PARENT_OF
1630	1654	PARENT_OF
1623	1630	PARENT_OF
1622	1623	PARENT_OF
1656	1657	PARENT_OF
1660	1661	PARENT_OF
1659	1660	PARENT_OF
1663	1664	PARENT_OF
1662	1663	PARENT_OF
1667	1668	PARENT_OF
1666	1667	PARENT_OF
1670	1671	PARENT_OF
1669	1670	PARENT_OF
1666	1669	PARENT_OF
1665	1666	PARENT_OF
1662	1665	PARENT_OF
1659	1662	PARENT_OF
1658	1659	PARENT_OF
1675	1676	PARENT_OF
1674	1675	PARENT_OF
1674	1677	PARENT_OF
1673	1674	PARENT_OF
1680	1681	PARENT_OF
1679	1680	PARENT_OF
1683	1684	PARENT_OF
1682	1683	PARENT_OF
1688	1689	PARENT_OF
1687	1688	PARENT_OF
1687	1690	PARENT_OF
1686	1687	PARENT_OF
1686	1691	PARENT_OF
1685	1686	PARENT_OF
1682	1685	PARENT_OF
1679	1682	PARENT_OF
1678	1679	PARENT_OF
1693	1694	PARENT_OF
1692	1693	PARENT_OF
1698	1699	PARENT_OF
1697	1698	PARENT_OF
1697	1700	PARENT_OF
1696	1697	PARENT_OF
1701	1702	PARENT_OF
1696	1701	PARENT_OF
1695	1696	PARENT_OF
1692	1695	PARENT_OF
1678	1692	PARENT_OF
1703	1704	PARENT_OF
1678	1703	PARENT_OF
1673	1678	PARENT_OF
1672	1673	PARENT_OF
1658	1672	PARENT_OF
1706	1707	PARENT_OF
1705	1706	PARENT_OF
1708	1709	PARENT_OF
1710	1711	PARENT_OF
1708	1710	PARENT_OF
1705	1708	PARENT_OF
1658	1705	PARENT_OF
1713	1714	PARENT_OF
1712	1713	PARENT_OF
1716	1717	PARENT_OF
1715	1716	PARENT_OF
1718	1719	PARENT_OF
1715	1718	PARENT_OF
1712	1715	PARENT_OF
1658	1712	PARENT_OF
1721	1722	PARENT_OF
1720	1721	PARENT_OF
1725	1726	PARENT_OF
1724	1725	PARENT_OF
1724	1727	PARENT_OF
1723	1724	PARENT_OF
1723	1728	PARENT_OF
1720	1723	PARENT_OF
1658	1720	PARENT_OF
1730	1731	PARENT_OF
1729	1730	PARENT_OF
1733	1734	PARENT_OF
1735	1736	PARENT_OF
1733	1735	PARENT_OF
1732	1733	PARENT_OF
1732	1737	PARENT_OF
1729	1732	PARENT_OF
1658	1729	PARENT_OF
1739	1740	PARENT_OF
1738	1739	PARENT_OF
1742	1743	PARENT_OF
1741	1742	PARENT_OF
1745	1746	PARENT_OF
1744	1745	PARENT_OF
1749	1750	PARENT_OF
1748	1749	PARENT_OF
1748	1751	PARENT_OF
1747	1748	PARENT_OF
1744	1747	PARENT_OF
1741	1744	PARENT_OF
1738	1741	PARENT_OF
1658	1738	PARENT_OF
1753	1754	PARENT_OF
1752	1753	PARENT_OF
1756	1757	PARENT_OF
1755	1756	PARENT_OF
1760	1761	PARENT_OF
1759	1760	PARENT_OF
1763	1764	PARENT_OF
1762	1763	PARENT_OF
1759	1762	PARENT_OF
1758	1759	PARENT_OF
1755	1758	PARENT_OF
1752	1755	PARENT_OF
1658	1752	PARENT_OF
1766	1767	PARENT_OF
1765	1766	PARENT_OF
1770	1771	PARENT_OF
1769	1770	PARENT_OF
1769	1772	PARENT_OF
1768	1769	PARENT_OF
1768	1773	PARENT_OF
1765	1768	PARENT_OF
1658	1765	PARENT_OF
1775	1776	PARENT_OF
1774	1775	PARENT_OF
1777	1778	PARENT_OF
1779	1780	PARENT_OF
1777	1779	PARENT_OF
1774	1777	PARENT_OF
1658	1774	PARENT_OF
1782	1783	PARENT_OF
1781	1782	PARENT_OF
1785	1786	PARENT_OF
1787	1788	PARENT_OF
1785	1787	PARENT_OF
1784	1785	PARENT_OF
1784	1789	PARENT_OF
1781	1784	PARENT_OF
1658	1781	PARENT_OF
1791	1792	PARENT_OF
1790	1791	PARENT_OF
1794	1795	PARENT_OF
1793	1794	PARENT_OF
1797	1798	PARENT_OF
1796	1797	PARENT_OF
1801	1802	PARENT_OF
1800	1801	PARENT_OF
1800	1803	PARENT_OF
1799	1800	PARENT_OF
1796	1799	PARENT_OF
1793	1796	PARENT_OF
1790	1793	PARENT_OF
1658	1790	PARENT_OF
1805	1806	PARENT_OF
1804	1805	PARENT_OF
1808	1809	PARENT_OF
1807	1808	PARENT_OF
1812	1813	PARENT_OF
1811	1812	PARENT_OF
1815	1816	PARENT_OF
1814	1815	PARENT_OF
1811	1814	PARENT_OF
1810	1811	PARENT_OF
1807	1810	PARENT_OF
1804	1807	PARENT_OF
1658	1804	PARENT_OF
1818	1819	PARENT_OF
1817	1818	PARENT_OF
1822	1823	PARENT_OF
1821	1822	PARENT_OF
1821	1824	PARENT_OF
1820	1821	PARENT_OF
1820	1825	PARENT_OF
1817	1820	PARENT_OF
1658	1817	PARENT_OF
1827	1828	PARENT_OF
1826	1827	PARENT_OF
1829	1830	PARENT_OF
1831	1832	PARENT_OF
1829	1831	PARENT_OF
1826	1829	PARENT_OF
1658	1826	PARENT_OF
1834	1835	PARENT_OF
1833	1834	PARENT_OF
1836	1837	PARENT_OF
1839	1840	PARENT_OF
1838	1839	PARENT_OF
1838	1841	PARENT_OF
1836	1838	PARENT_OF
1833	1836	PARENT_OF
1658	1833	PARENT_OF
1843	1844	PARENT_OF
1842	1843	PARENT_OF
1846	1847	PARENT_OF
1845	1846	PARENT_OF
1842	1845	PARENT_OF
1658	1842	PARENT_OF
1656	1658	PARENT_OF
1622	1656	PARENT_OF
1577	1622	PARENT_OF
1572	1577	PARENT_OF
1571	1572	PARENT_OF
1848	1849	PARENT_OF
1855	1856	PARENT_OF
1854	1855	PARENT_OF
1854	1857	PARENT_OF
1853	1854	PARENT_OF
1853	1858	PARENT_OF
1852	1853	PARENT_OF
1861	1862	PARENT_OF
1860	1861	PARENT_OF
1866	1867	PARENT_OF
1865	1866	PARENT_OF
1865	1868	PARENT_OF
1864	1865	PARENT_OF
1870	1871	PARENT_OF
1869	1870	PARENT_OF
1874	1875	PARENT_OF
1873	1874	PARENT_OF
1873	1876	PARENT_OF
1872	1873	PARENT_OF
1869	1872	PARENT_OF
1864	1869	PARENT_OF
1863	1864	PARENT_OF
1860	1863	PARENT_OF
1859	1860	PARENT_OF
1877	1878	PARENT_OF
1859	1877	PARENT_OF
1852	1859	PARENT_OF
1851	1852	PARENT_OF
1879	1880	PARENT_OF
1883	1884	PARENT_OF
1882	1883	PARENT_OF
1888	1889	PARENT_OF
1887	1888	PARENT_OF
1887	1890	PARENT_OF
1886	1887	PARENT_OF
1892	1893	PARENT_OF
1891	1892	PARENT_OF
1896	1897	PARENT_OF
1895	1896	PARENT_OF
1895	1898	PARENT_OF
1894	1895	PARENT_OF
1891	1894	PARENT_OF
1886	1891	PARENT_OF
1885	1886	PARENT_OF
1882	1885	PARENT_OF
1881	1882	PARENT_OF
1899	1900	PARENT_OF
1881	1899	PARENT_OF
1879	1881	PARENT_OF
1851	1879	PARENT_OF
1850	1851	PARENT_OF
1848	1850	PARENT_OF
1571	1848	PARENT_OF
1570	1571	PARENT_OF
1567	1570	PARENT_OF
1566	1567	PARENT_OF
1901	1902	PARENT_OF
1905	1906	PARENT_OF
1904	1905	PARENT_OF
1910	1911	PARENT_OF
1909	1910	PARENT_OF
1909	1912	PARENT_OF
1908	1909	PARENT_OF
1914	1915	PARENT_OF
1913	1914	PARENT_OF
1916	1917	PARENT_OF
1913	1916	PARENT_OF
1908	1913	PARENT_OF
1907	1908	PARENT_OF
1904	1907	PARENT_OF
1903	1904	PARENT_OF
1918	1919	PARENT_OF
1903	1918	PARENT_OF
1901	1903	PARENT_OF
1566	1901	PARENT_OF
1527	1566	PARENT_OF
1521	1527	PARENT_OF
1520	1521	PARENT_OF
1480	1520	PARENT_OF
1475	1480	PARENT_OF
1475	1920	PARENT_OF
411	1475	PARENT_OF
408	411	PARENT_OF
407	408	FILE_OF
1921	1	DIRECTORY_OF
1921	407	DIRECTORY_OF
1923	1924	ENTRY
1923	1925	EXIT
1930	1931	PARENT_OF
1929	1930	PARENT_OF
1932	1933	PARENT_OF
1929	1932	PARENT_OF
1928	1929	PARENT_OF
1928	1934	PARENT_OF
1927	1928	PARENT_OF
1926	1927	PARENT_OF
1938	1939	PARENT_OF
1937	1938	PARENT_OF
1940	1941	PARENT_OF
1937	1940	PARENT_OF
1936	1937	PARENT_OF
1936	1942	PARENT_OF
1935	1936	PARENT_OF
1926	1935	PARENT_OF
1944	1945	PARENT_OF
1943	1944	PARENT_OF
1946	1947	PARENT_OF
1946	1948	PARENT_OF
1946	1949	PARENT_OF
1946	1950	PARENT_OF
1943	1946	PARENT_OF
1926	1943	PARENT_OF
1951	1952	ENTRY
1951	1953	EXIT
1955	1956	PARENT_OF
1955	1957	PARENT_OF
1955	1958	PARENT_OF
1954	1955	PARENT_OF
1951	1954	PARENT_OF
1951	1959	PARENT_OF
1964	1965	PARENT_OF
1963	1964	PARENT_OF
1962	1963	PARENT_OF
1967	1968	PARENT_OF
1966	1967	PARENT_OF
1962	1966	PARENT_OF
1961	1962	PARENT_OF
1960	1961	PARENT_OF
1970	1971	PARENT_OF
1969	1970	PARENT_OF
1973	1974	PARENT_OF
1972	1973	PARENT_OF
1975	1976	PARENT_OF
1972	1975	PARENT_OF
1969	1972	PARENT_OF
1960	1969	PARENT_OF
1980	1981	PARENT_OF
1979	1980	PARENT_OF
1978	1979	PARENT_OF
1983	1984	PARENT_OF
1982	1983	PARENT_OF
1978	1982	PARENT_OF
1977	1978	PARENT_OF
1960	1977	PARENT_OF
1989	1990	PARENT_OF
1988	1989	PARENT_OF
1992	1993	PARENT_OF
1991	1992	PARENT_OF
1991	1994	PARENT_OF
1996	1997	PARENT_OF
1995	1996	PARENT_OF
1991	1995	PARENT_OF
1988	1991	PARENT_OF
1987	1988	PARENT_OF
1986	1987	PARENT_OF
2000	2001	PARENT_OF
1999	2000	PARENT_OF
2003	2004	PARENT_OF
2003	2005	PARENT_OF
2002	2003	PARENT_OF
2007	2008	PARENT_OF
2009	2010	PARENT_OF
2007	2009	PARENT_OF
2006	2007	PARENT_OF
2006	2011	PARENT_OF
2002	2006	PARENT_OF
1999	2002	PARENT_OF
1998	1999	PARENT_OF
2013	2014	PARENT_OF
2012	2013	PARENT_OF
2012	2015	PARENT_OF
1998	2012	PARENT_OF
2017	2018	PARENT_OF
2016	2017	PARENT_OF
2020	2021	PARENT_OF
2019	2020	PARENT_OF
2023	2024	PARENT_OF
2022	2023	PARENT_OF
2027	2028	PARENT_OF
2026	2027	PARENT_OF
2026	2029	PARENT_OF
2025	2026	PARENT_OF
2022	2025	PARENT_OF
2019	2022	PARENT_OF
2016	2019	PARENT_OF
1998	2016	PARENT_OF
2031	2032	PARENT_OF
2030	2031	PARENT_OF
2034	2035	PARENT_OF
2033	2034	PARENT_OF
2038	2039	PARENT_OF
2037	2038	PARENT_OF
2041	2042	PARENT_OF
2040	2041	PARENT_OF
2037	2040	PARENT_OF
2036	2037	PARENT_OF
2033	2036	PARENT_OF
2030	2033	PARENT_OF
1998	2030	PARENT_OF
2044	2045	PARENT_OF
2043	2044	PARENT_OF
2048	2049	PARENT_OF
2047	2048	PARENT_OF
2047	2050	PARENT_OF
2046	2047	PARENT_OF
2046	2051	PARENT_OF
2043	2046	PARENT_OF
1998	2043	PARENT_OF
2053	2054	PARENT_OF
2052	2053	PARENT_OF
2056	2057	PARENT_OF
2055	2056	PARENT_OF
2059	2060	PARENT_OF
2058	2059	PARENT_OF
2055	2058	PARENT_OF
2052	2055	PARENT_OF
1998	2052	PARENT_OF
2062	2063	PARENT_OF
2061	2062	PARENT_OF
2065	2066	PARENT_OF
2064	2065	PARENT_OF
2064	2067	PARENT_OF
2064	2068	PARENT_OF
2061	2064	PARENT_OF
1998	2061	PARENT_OF
2070	2071	PARENT_OF
2069	2070	PARENT_OF
2073	2074	PARENT_OF
2072	2073	PARENT_OF
2072	2075	PARENT_OF
2072	2076	PARENT_OF
2069	2072	PARENT_OF
1998	2069	PARENT_OF
2078	2079	PARENT_OF
2077	2078	PARENT_OF
2081	2082	PARENT_OF
2080	2081	PARENT_OF
2080	2083	PARENT_OF
2080	2084	PARENT_OF
2077	2080	PARENT_OF
1998	2077	PARENT_OF
2086	2087	PARENT_OF
2085	2086	PARENT_OF
2089	2090	PARENT_OF
2088	2089	PARENT_OF
2088	2091	PARENT_OF
2088	2092	PARENT_OF
2085	2088	PARENT_OF
1998	2085	PARENT_OF
2094	2095	PARENT_OF
2093	2094	PARENT_OF
2097	2098	PARENT_OF
2096	2097	PARENT_OF
2096	2099	PARENT_OF
2096	2100	PARENT_OF
2093	2096	PARENT_OF
1998	2093	PARENT_OF
2102	2103	PARENT_OF
2101	2102	PARENT_OF
2105	2106	PARENT_OF
2104	2105	PARENT_OF
2104	2107	PARENT_OF
2104	2108	PARENT_OF
2101	2104	PARENT_OF
1998	2101	PARENT_OF
2110	2111	PARENT_OF
2109	2110	PARENT_OF
2115	2116	PARENT_OF
2117	2118	PARENT_OF
2115	2117	PARENT_OF
2114	2115	PARENT_OF
2114	2119	PARENT_OF
2113	2114	PARENT_OF
2120	2121	PARENT_OF
2113	2120	PARENT_OF
2112	2113	PARENT_OF
2112	2122	PARENT_OF
2109	2112	PARENT_OF
1998	2109	PARENT_OF
2124	2125	PARENT_OF
2123	2124	PARENT_OF
2127	2128	PARENT_OF
2126	2127	PARENT_OF
2130	2131	PARENT_OF
2129	2130	PARENT_OF
2134	2135	PARENT_OF
2133	2134	PARENT_OF
2133	2136	PARENT_OF
2132	2133	PARENT_OF
2129	2132	PARENT_OF
2126	2129	PARENT_OF
2123	2126	PARENT_OF
1998	2123	PARENT_OF
2138	2139	PARENT_OF
2137	2138	PARENT_OF
2141	2142	PARENT_OF
2140	2141	PARENT_OF
2145	2146	PARENT_OF
2144	2145	PARENT_OF
2148	2149	PARENT_OF
2147	2148	PARENT_OF
2144	2147	PARENT_OF
2143	2144	PARENT_OF
2140	2143	PARENT_OF
2137	2140	PARENT_OF
1998	2137	PARENT_OF
2154	2155	PARENT_OF
2153	2154	PARENT_OF
2152	2153	PARENT_OF
2151	2152	PARENT_OF
2158	2159	PARENT_OF
2157	2158	PARENT_OF
2162	2163	PARENT_OF
2161	2162	PARENT_OF
2161	2164	PARENT_OF
2160	2161	PARENT_OF
2160	2165	PARENT_OF
2157	2160	PARENT_OF
2156	2157	PARENT_OF
2151	2156	PARENT_OF
2150	2151	PARENT_OF
2166	2167	PARENT_OF
2170	2171	PARENT_OF
2169	2170	PARENT_OF
2173	2174	PARENT_OF
2172	2173	PARENT_OF
2180	2181	PARENT_OF
2179	2180	PARENT_OF
2179	2182	PARENT_OF
2178	2179	PARENT_OF
2184	2185	PARENT_OF
2183	2184	PARENT_OF
2183	2186	PARENT_OF
2178	2183	PARENT_OF
2188	2189	PARENT_OF
2187	2188	PARENT_OF
2187	2190	PARENT_OF
2178	2187	PARENT_OF
2192	2193	PARENT_OF
2191	2192	PARENT_OF
2191	2194	PARENT_OF
2178	2191	PARENT_OF
2196	2197	PARENT_OF
2195	2196	PARENT_OF
2195	2198	PARENT_OF
2178	2195	PARENT_OF
2177	2178	PARENT_OF
2177	2199	PARENT_OF
2176	2177	PARENT_OF
2175	2176	PARENT_OF
2172	2175	PARENT_OF
2169	2172	PARENT_OF
2168	2169	PARENT_OF
2201	2202	PARENT_OF
2200	2201	PARENT_OF
2204	2205	PARENT_OF
2206	2207	PARENT_OF
2204	2206	PARENT_OF
2203	2204	PARENT_OF
2203	2208	PARENT_OF
2200	2203	PARENT_OF
2168	2200	PARENT_OF
2210	2211	PARENT_OF
2209	2210	PARENT_OF
2213	2214	PARENT_OF
2212	2213	PARENT_OF
2216	2217	PARENT_OF
2215	2216	PARENT_OF
2219	2220	PARENT_OF
2219	2221	PARENT_OF
2218	2219	PARENT_OF
2222	2223	PARENT_OF
2222	2224	PARENT_OF
2218	2222	PARENT_OF
2225	2226	PARENT_OF
2225	2227	PARENT_OF
2218	2225	PARENT_OF
2228	2229	PARENT_OF
2228	2230	PARENT_OF
2218	2228	PARENT_OF
2233	2234	PARENT_OF
2232	2233	PARENT_OF
2231	2232	PARENT_OF
2231	2235	PARENT_OF
2218	2231	PARENT_OF
2237	2238	PARENT_OF
2236	2237	PARENT_OF
2236	2239	PARENT_OF
2218	2236	PARENT_OF
2241	2242	PARENT_OF
2240	2241	PARENT_OF
2240	2243	PARENT_OF
2218	2240	PARENT_OF
2244	2245	PARENT_OF
2244	2246	PARENT_OF
2218	2244	PARENT_OF
2215	2218	PARENT_OF
2212	2215	PARENT_OF
2209	2212	PARENT_OF
2168	2209	PARENT_OF
2250	2251	PARENT_OF
2249	2250	PARENT_OF
2253	2254	PARENT_OF
2252	2253	PARENT_OF
2249	2252	PARENT_OF
2248	2249	PARENT_OF
2257	2258	PARENT_OF
2256	2257	PARENT_OF
2260	2261	PARENT_OF
2259	2260	PARENT_OF
2259	2262	PARENT_OF
2259	2263	PARENT_OF
2256	2259	PARENT_OF
2255	2256	PARENT_OF
2265	2266	PARENT_OF
2267	2268	PARENT_OF
2265	2267	PARENT_OF
2264	2265	PARENT_OF
2255	2264	PARENT_OF
2248	2255	PARENT_OF
2247	2248	PARENT_OF
2269	2270	PARENT_OF
2273	2274	PARENT_OF
2272	2273	PARENT_OF
2276	2277	PARENT_OF
2275	2276	PARENT_OF
2280	2281	PARENT_OF
2279	2280	PARENT_OF
2283	2284	PARENT_OF
2282	2283	PARENT_OF
2279	2282	PARENT_OF
2278	2279	PARENT_OF
2275	2278	PARENT_OF
2272	2275	PARENT_OF
2271	2272	PARENT_OF
2286	2287	PARENT_OF
2285	2286	PARENT_OF
2289	2290	PARENT_OF
2288	2289	PARENT_OF
2288	2291	PARENT_OF
2285	2288	PARENT_OF
2271	2285	PARENT_OF
2269	2271	PARENT_OF
2247	2269	PARENT_OF
2168	2247	PARENT_OF
2166	2168	PARENT_OF
2150	2166	PARENT_OF
1998	2150	PARENT_OF
2293	2294	PARENT_OF
2292	2293	PARENT_OF
2292	2295	PARENT_OF
1998	2292	PARENT_OF
2299	2300	PARENT_OF
2298	2299	PARENT_OF
2298	2301	PARENT_OF
2297	2298	PARENT_OF
2297	2302	PARENT_OF
2296	2297	PARENT_OF
2303	2304	PARENT_OF
2296	2303	PARENT_OF
1998	2296	PARENT_OF
2308	2309	PARENT_OF
2307	2308	PARENT_OF
2310	2311	PARENT_OF
2307	2310	PARENT_OF
2306	2307	PARENT_OF
2316	2317	PARENT_OF
2315	2316	PARENT_OF
2315	2318	PARENT_OF
2314	2315	PARENT_OF
2314	2319	PARENT_OF
2313	2314	PARENT_OF
2321	2322	PARENT_OF
2320	2321	PARENT_OF
2323	2324	PARENT_OF
2320	2323	PARENT_OF
2313	2320	PARENT_OF
2312	2313	PARENT_OF
2306	2312	PARENT_OF
2305	2306	PARENT_OF
1998	2305	PARENT_OF
2328	2329	PARENT_OF
2327	2328	PARENT_OF
2330	2331	PARENT_OF
2327	2330	PARENT_OF
2326	2327	PARENT_OF
2336	2337	PARENT_OF
2335	2336	PARENT_OF
2335	2338	PARENT_OF
2334	2335	PARENT_OF
2334	2339	PARENT_OF
2333	2334	PARENT_OF
2341	2342	PARENT_OF
2340	2341	PARENT_OF
2343	2344	PARENT_OF
2340	2343	PARENT_OF
2333	2340	PARENT_OF
2332	2333	PARENT_OF
2326	2332	PARENT_OF
2325	2326	PARENT_OF
1998	2325	PARENT_OF
2346	2347	PARENT_OF
2345	2346	PARENT_OF
2345	2348	PARENT_OF
1998	2345	PARENT_OF
2350	2351	PARENT_OF
2349	2350	PARENT_OF
2349	2352	PARENT_OF
1998	2349	PARENT_OF
2355	2356	PARENT_OF
2354	2355	PARENT_OF
2354	2357	PARENT_OF
2354	2358	PARENT_OF
2353	2354	PARENT_OF
2359	2360	PARENT_OF
2353	2359	PARENT_OF
2361	2362	PARENT_OF
2353	2361	PARENT_OF
2365	2366	PARENT_OF
2364	2365	PARENT_OF
2368	2369	PARENT_OF
2367	2368	PARENT_OF
2367	2370	PARENT_OF
2367	2371	PARENT_OF
2364	2367	PARENT_OF
2363	2364	PARENT_OF
2375	2376	PARENT_OF
2374	2375	PARENT_OF
2377	2378	PARENT_OF
2374	2377	PARENT_OF
2373	2374	PARENT_OF
2373	2379	PARENT_OF
2372	2373	PARENT_OF
2381	2382	PARENT_OF
2380	2381	PARENT_OF
2380	2383	PARENT_OF
2380	2384	PARENT_OF
2372	2380	PARENT_OF
2363	2372	PARENT_OF
2388	2389	PARENT_OF
2387	2388	PARENT_OF
2390	2391	PARENT_OF
2387	2390	PARENT_OF
2386	2387	PARENT_OF
2386	2392	PARENT_OF
2385	2386	PARENT_OF
2394	2395	PARENT_OF
2393	2394	PARENT_OF
2393	2396	PARENT_OF
2393	2397	PARENT_OF
2385	2393	PARENT_OF
2363	2385	PARENT_OF
2401	2402	PARENT_OF
2400	2401	PARENT_OF
2403	2404	PARENT_OF
2400	2403	PARENT_OF
2399	2400	PARENT_OF
2399	2405	PARENT_OF
2398	2399	PARENT_OF
2407	2408	PARENT_OF
2406	2407	PARENT_OF
2406	2409	PARENT_OF
2406	2410	PARENT_OF
2398	2406	PARENT_OF
2363	2398	PARENT_OF
2412	2413	PARENT_OF
2411	2412	PARENT_OF
2363	2411	PARENT_OF
2353	2363	PARENT_OF
1998	2353	PARENT_OF
2417	2418	PARENT_OF
2416	2417	PARENT_OF
2416	2419	PARENT_OF
2415	2416	PARENT_OF
2415	2420	PARENT_OF
2414	2415	PARENT_OF
2421	2422	PARENT_OF
2414	2421	PARENT_OF
1998	2414	PARENT_OF
2424	2425	PARENT_OF
2423	2424	PARENT_OF
2427	2428	PARENT_OF
2426	2427	PARENT_OF
2430	2431	PARENT_OF
2429	2430	PARENT_OF
2426	2429	PARENT_OF
2423	2426	PARENT_OF
1998	2423	PARENT_OF
2433	2434	PARENT_OF
2432	2433	PARENT_OF
2436	2437	PARENT_OF
2438	2439	PARENT_OF
2436	2438	PARENT_OF
2435	2436	PARENT_OF
2435	2440	PARENT_OF
2432	2435	PARENT_OF
1998	2432	PARENT_OF
2442	2443	PARENT_OF
2441	2442	PARENT_OF
2445	2446	PARENT_OF
2444	2445	PARENT_OF
2448	2449	PARENT_OF
2447	2448	PARENT_OF
2451	2452	PARENT_OF
2451	2453	PARENT_OF
2450	2451	PARENT_OF
2454	2455	PARENT_OF
2454	2456	PARENT_OF
2450	2454	PARENT_OF
2457	2458	PARENT_OF
2457	2459	PARENT_OF
2450	2457	PARENT_OF
2460	2461	PARENT_OF
2460	2462	PARENT_OF
2450	2460	PARENT_OF
2465	2466	PARENT_OF
2464	2465	PARENT_OF
2463	2464	PARENT_OF
2463	2467	PARENT_OF
2450	2463	PARENT_OF
2469	2470	PARENT_OF
2468	2469	PARENT_OF
2468	2471	PARENT_OF
2450	2468	PARENT_OF
2473	2474	PARENT_OF
2472	2473	PARENT_OF
2472	2475	PARENT_OF
2450	2472	PARENT_OF
2476	2477	PARENT_OF
2476	2478	PARENT_OF
2450	2476	PARENT_OF
2447	2450	PARENT_OF
2444	2447	PARENT_OF
2441	2444	PARENT_OF
1998	2441	PARENT_OF
2482	2483	PARENT_OF
2481	2482	PARENT_OF
2485	2486	PARENT_OF
2484	2485	PARENT_OF
2481	2484	PARENT_OF
2480	2481	PARENT_OF
2489	2490	PARENT_OF
2488	2489	PARENT_OF
2492	2493	PARENT_OF
2491	2492	PARENT_OF
2491	2494	PARENT_OF
2491	2495	PARENT_OF
2488	2491	PARENT_OF
2487	2488	PARENT_OF
2497	2498	PARENT_OF
2499	2500	PARENT_OF
2497	2499	PARENT_OF
2496	2497	PARENT_OF
2487	2496	PARENT_OF
2480	2487	PARENT_OF
2479	2480	PARENT_OF
2501	2502	PARENT_OF
2505	2506	PARENT_OF
2504	2505	PARENT_OF
2508	2509	PARENT_OF
2507	2508	PARENT_OF
2512	2513	PARENT_OF
2511	2512	PARENT_OF
2515	2516	PARENT_OF
2514	2515	PARENT_OF
2511	2514	PARENT_OF
2510	2511	PARENT_OF
2507	2510	PARENT_OF
2504	2507	PARENT_OF
2503	2504	PARENT_OF
2519	2520	PARENT_OF
2518	2519	PARENT_OF
2523	2524	PARENT_OF
2522	2523	PARENT_OF
2526	2527	PARENT_OF
2525	2526	PARENT_OF
2525	2528	PARENT_OF
2522	2525	PARENT_OF
2521	2522	PARENT_OF
2530	2531	PARENT_OF
2529	2530	PARENT_OF
2535	2536	PARENT_OF
2537	2538	PARENT_OF
2535	2537	PARENT_OF
2534	2535	PARENT_OF
2534	2539	PARENT_OF
2533	2534	PARENT_OF
2540	2541	PARENT_OF
2533	2540	PARENT_OF
2532	2533	PARENT_OF
2532	2542	PARENT_OF
2529	2532	PARENT_OF
2521	2529	PARENT_OF
2547	2548	PARENT_OF
2549	2550	PARENT_OF
2547	2549	PARENT_OF
2546	2547	PARENT_OF
2546	2551	PARENT_OF
2545	2546	PARENT_OF
2553	2554	PARENT_OF
2552	2553	PARENT_OF
2555	2556	PARENT_OF
2555	2557	PARENT_OF
2552	2555	PARENT_OF
2545	2552	PARENT_OF
2544	2545	PARENT_OF
2544	2558	PARENT_OF
2543	2544	PARENT_OF
2521	2543	PARENT_OF
2518	2521	PARENT_OF
2517	2518	PARENT_OF
2503	2517	PARENT_OF
2501	2503	PARENT_OF
2479	2501	PARENT_OF
1998	2479	PARENT_OF
2560	2561	PARENT_OF
2559	2560	PARENT_OF
2559	2562	PARENT_OF
2563	2564	PARENT_OF
2566	2567	PARENT_OF
2565	2566	PARENT_OF
2563	2565	PARENT_OF
2559	2563	PARENT_OF
1998	2559	PARENT_OF
2569	2570	PARENT_OF
2568	2569	PARENT_OF
2568	2571	PARENT_OF
2572	2573	PARENT_OF
2574	2575	PARENT_OF
2572	2574	PARENT_OF
2568	2572	PARENT_OF
1998	2568	PARENT_OF
2577	2578	PARENT_OF
2576	2577	PARENT_OF
2576	2579	PARENT_OF
2576	2580	PARENT_OF
1998	2576	PARENT_OF
1986	1998	PARENT_OF
1985	1986	PARENT_OF
2581	2582	PARENT_OF
2585	2586	PARENT_OF
2584	2585	PARENT_OF
2588	2589	PARENT_OF
2587	2588	PARENT_OF
2591	2592	PARENT_OF
2590	2591	PARENT_OF
2590	2593	PARENT_OF
2595	2596	PARENT_OF
2594	2595	PARENT_OF
2590	2594	PARENT_OF
2587	2590	PARENT_OF
2584	2587	PARENT_OF
2583	2584	PARENT_OF
2601	2602	PARENT_OF
2603	2604	PARENT_OF
2601	2603	PARENT_OF
2600	2601	PARENT_OF
2600	2605	PARENT_OF
2599	2600	PARENT_OF
2607	2608	PARENT_OF
2606	2607	PARENT_OF
2609	2610	PARENT_OF
2609	2611	PARENT_OF
2606	2609	PARENT_OF
2599	2606	PARENT_OF
2598	2599	PARENT_OF
2598	2612	PARENT_OF
2597	2598	PARENT_OF
2583	2597	PARENT_OF
2581	2583	PARENT_OF
1985	2581	PARENT_OF
1960	1985	PARENT_OF
1951	1960	PARENT_OF
1951	2613	PARENT_OF
1926	1951	PARENT_OF
1923	1926	PARENT_OF
1922	1923	FILE_OF
0	1921	DIRECTORY_OF
0	1922	DIRECTORY_OF
